n,algorithm,time
500,dot_general_lib,4.6417e-5
500,mul_matrix_vector,4.4708e-5
500,dot_general_lib,3.7959e-5
500,mul_matrix_vector,0.000125708
500,dot_general_lib,3.7708e-5
500,mul_matrix_vector,4.6042e-5
500,dot_general_lib,0.00011175
500,mul_matrix_vector,0.00013925
500,dot_general_lib,4.2917e-5
500,mul_matrix_vector,4.7125e-5
500,dot_general_lib,3.6834e-5
500,mul_matrix_vector,4.4209e-5
500,dot_general_lib,3.675e-5
500,mul_matrix_vector,0.000100458
500,dot_general_lib,5.625e-5
500,mul_matrix_vector,0.000135458
500,dot_general_lib,6.5417e-5
500,mul_matrix_vector,0.000214417
500,dot_general_lib,0.000110375
500,mul_matrix_vector,7.1458e-5
1000,dot_general_lib,0.000149375
1000,mul_matrix_vector,0.000274
1000,dot_general_lib,0.000162209
1000,mul_matrix_vector,0.00030425
1000,dot_general_lib,0.000183417
1000,mul_matrix_vector,0.00031425
1000,dot_general_lib,0.00015175
1000,mul_matrix_vector,0.000243292
1000,dot_general_lib,0.000147542
1000,mul_matrix_vector,0.000232958
1000,dot_general_lib,0.0001495
1000,mul_matrix_vector,0.0001945
1000,dot_general_lib,0.000153
1000,mul_matrix_vector,0.000389709
1000,dot_general_lib,0.000156959
1000,mul_matrix_vector,0.000200792
1000,dot_general_lib,0.000387167
1000,mul_matrix_vector,0.000522
1000,dot_general_lib,0.000148708
1000,mul_matrix_vector,0.000285042
1500,dot_general_lib,0.000404334
1500,mul_matrix_vector,0.000789125
1500,dot_general_lib,0.001142458
1500,mul_matrix_vector,0.000736166
1500,dot_general_lib,0.000398041
1500,mul_matrix_vector,0.000682208
1500,dot_general_lib,0.000374667
1500,mul_matrix_vector,0.000632084
1500,dot_general_lib,0.000388292
1500,mul_matrix_vector,0.000640083
1500,dot_general_lib,0.000420416
1500,mul_matrix_vector,0.00053375
1500,dot_general_lib,0.000397375
1500,mul_matrix_vector,0.000637583
1500,dot_general_lib,0.000419166
1500,mul_matrix_vector,0.000616042
1500,dot_general_lib,0.000363125
1500,mul_matrix_vector,0.000455083
1500,dot_general_lib,0.000414083
1500,mul_matrix_vector,0.000642375
2000,dot_general_lib,0.001484417
2000,mul_matrix_vector,0.001530625
2000,dot_general_lib,0.001843375
2000,mul_matrix_vector,0.003007417
2000,dot_general_lib,0.000743083
2000,mul_matrix_vector,0.00099675
2000,dot_general_lib,0.000731125
2000,mul_matrix_vector,0.001592
2000,dot_general_lib,0.000978791
2000,mul_matrix_vector,0.001876834
2000,dot_general_lib,0.000729583
2000,mul_matrix_vector,0.001127125
2000,dot_general_lib,0.000894958
2000,mul_matrix_vector,0.001497958
2000,dot_general_lib,0.000693834
2000,mul_matrix_vector,0.001305667
2000,dot_general_lib,0.000781166
2000,mul_matrix_vector,0.001417125
2000,dot_general_lib,0.0006805
2000,mul_matrix_vector,0.0011295
2500,dot_general_lib,0.001102458
2500,mul_matrix_vector,0.001437
2500,dot_general_lib,0.001386791
2500,mul_matrix_vector,0.002015209
2500,dot_general_lib,0.001101334
2500,mul_matrix_vector,0.002300333
2500,dot_general_lib,0.001162875
2500,mul_matrix_vector,0.001804375
2500,dot_general_lib,0.001007209
2500,mul_matrix_vector,0.001683125
2500,dot_general_lib,0.001261417
2500,mul_matrix_vector,0.003122292
2500,dot_general_lib,0.001650208
2500,mul_matrix_vector,0.002775458
2500,dot_general_lib,0.001094791
2500,mul_matrix_vector,0.00213025
2500,dot_general_lib,0.000946666
2500,mul_matrix_vector,0.0017045
2500,dot_general_lib,0.001087834
2500,mul_matrix_vector,0.001464167
3000,dot_general_lib,0.001485542
3000,mul_matrix_vector,0.002254125
3000,dot_general_lib,0.001636791
3000,mul_matrix_vector,0.002362167
3000,dot_general_lib,0.001444875
3000,mul_matrix_vector,0.00217325
3000,dot_general_lib,0.001803041
3000,mul_matrix_vector,0.003107917
3000,dot_general_lib,0.00140625
3000,mul_matrix_vector,0.0023215
3000,dot_general_lib,0.001452458
3000,mul_matrix_vector,0.00208475
3000,dot_general_lib,0.0016515
3000,mul_matrix_vector,0.002073959
3000,dot_general_lib,0.001517125
3000,mul_matrix_vector,0.001735375
3000,dot_general_lib,0.001459042
3000,mul_matrix_vector,0.002057709
3000,dot_general_lib,0.001674958
3000,mul_matrix_vector,0.001718292
3500,dot_general_lib,0.001902334
3500,mul_matrix_vector,0.002729916
3500,dot_general_lib,0.002134042
3500,mul_matrix_vector,0.002458959
3500,dot_general_lib,0.002193291
3500,mul_matrix_vector,0.003242125
3500,dot_general_lib,0.002115041
3500,mul_matrix_vector,0.002935542
3500,dot_general_lib,0.002115667
3500,mul_matrix_vector,0.002483459
3500,dot_general_lib,0.002087917
3500,mul_matrix_vector,0.002246625
3500,dot_general_lib,0.002348917
3500,mul_matrix_vector,0.002791875
3500,dot_general_lib,0.002942417
3500,mul_matrix_vector,0.002937375
3500,dot_general_lib,0.001925
3500,mul_matrix_vector,0.002675333
3500,dot_general_lib,0.002108792
3500,mul_matrix_vector,0.002798292
4000,dot_general_lib,0.002837375
4000,mul_matrix_vector,0.003383417
4000,dot_general_lib,0.002524375
4000,mul_matrix_vector,0.003074833
4000,dot_general_lib,0.002803833
4000,mul_matrix_vector,0.003248792
4000,dot_general_lib,0.002874916
4000,mul_matrix_vector,0.003293375
4000,dot_general_lib,0.002813417
4000,mul_matrix_vector,0.003549667
4000,dot_general_lib,0.00282625
4000,mul_matrix_vector,0.003433167
4000,dot_general_lib,0.004729708
4000,mul_matrix_vector,0.003499875
4000,dot_general_lib,0.002888417
4000,mul_matrix_vector,0.003343416
4000,dot_general_lib,0.002763834
4000,mul_matrix_vector,0.003670791
4000,dot_general_lib,0.002485792
4000,mul_matrix_vector,0.00375675
4500,dot_general_lib,0.003526416
4500,mul_matrix_vector,0.003461583
4500,dot_general_lib,0.003688291
4500,mul_matrix_vector,0.003734958
4500,dot_general_lib,0.003442583
4500,mul_matrix_vector,0.004396833
4500,dot_general_lib,0.003465125
4500,mul_matrix_vector,0.004194209
4500,dot_general_lib,0.003819875
4500,mul_matrix_vector,0.00399625
4500,dot_general_lib,0.003222292
4500,mul_matrix_vector,0.004111
4500,dot_general_lib,0.003214625
4500,mul_matrix_vector,0.003735667
4500,dot_general_lib,0.003416625
4500,mul_matrix_vector,0.004474542
4500,dot_general_lib,0.003588917
4500,mul_matrix_vector,0.004169541
4500,dot_general_lib,0.003444375
4500,mul_matrix_vector,0.004583584
5000,dot_general_lib,0.004451292
5000,mul_matrix_vector,0.00541725
5000,dot_general_lib,0.004717042
5000,mul_matrix_vector,0.005773458
5000,dot_general_lib,0.005054125
5000,mul_matrix_vector,0.00560175
5000,dot_general_lib,0.004717584
5000,mul_matrix_vector,0.005391458
5000,dot_general_lib,0.003915083
5000,mul_matrix_vector,0.004690917
5000,dot_general_lib,0.004901
5000,mul_matrix_vector,0.004699209
5000,dot_general_lib,0.004447125
5000,mul_matrix_vector,0.004657375
5000,dot_general_lib,0.006036792
5000,mul_matrix_vector,0.005977958
5000,dot_general_lib,0.004515417
5000,mul_matrix_vector,0.007329333
5000,dot_general_lib,0.004480875
5000,mul_matrix_vector,0.004938625
